298K4e-4:Data,,298K4e-4:Model,,407K4e-4:Data,,407K4e-4:Model,,475K4e-4:Data,,475K4e-4:Model,,509K4e-4:Data,,509K4e-4:Model,,542K4e-4:Data,,542K4e-4:Model,,559K4e-4:Data,,559K4e-4:Model,,576K4e-4:Data,,576K4e-4:Model,,610K4e-4:Data,,610K4e-4:Model,,678K4e-4:Data,,678K4e-4:Model,,814K4e-4:Data,,814K4e-4:Model,
X,Y,X,Y,X,Y,X,Y,X,Y,X,Y,X,Y,X,Y,X,Y,X,Y,X,Y,X,Y,X,Y,X,Y,X,Y,X,Y,X,Y,X,Y,X,Y,X,Y
0.9213483146067417,346.45669291338584,0.0017889179769860764,19.31333113028012,0.9213483146067417,278.740157480315,-0.0006355116885369272,3.482200850074605,0.9250936329588016,242.5196850393701,0.0008076012076077277,12.28064427908879,0.902621722846442,209.4488188976378,-0.0006355116885369272,8.124138245382085,0.9213483146067417,166.9291338582677,-0.0015013794262237201,4.05865059197555,0.9213483146067417,132.28346456692913,0.008889033426017795,21.62519798990388,0.9250936329588016,113.38582677165357,0.0013848463660655896,11.522157776587562,0.9213483146067417,91.33858267716533,-0.00005826653007906524,1.7252702970081373,0.9213483146067417,66.14173228346453,0.00023035604914986574,0.7213099809701475,0.9250936329588016,34.64566929133855,0.00003794099633055992,1.6314937839716208
0.8614232209737829,340.15748031496065,0.0009038087340173528,16.646155482373615,0.8426966292134832,274.01574803149606,-0.0006355116885369272,8.002780404981877,0.8726591760299628,242.5196850393701,0.0031165818414391755,15.314590289093701,0.8539325842696631,211.0236220472441,0.0008076012076077277,11.866004991054808,0.8539325842696631,168.50393700787401,-0.0003468891093079962,8.973643128183483,0.902621722846442,133.85826771653547,0.011198014059849215,24.38608885900834,0.8951310861423224,116.53543307086613,0.0036938269998970374,14.28304864569202,0.8726591760299628,92.91338582677162,0.0012011774520108154,5.630786251705331,0.8726591760299628,66.14173228346453,0.0007113936811980748,7.153275522180536,0.902621722846442,33.07086614173227,0.0012011774520108154,5.663883844541715
0.8239700374531838,337.00787401574803,0.00008604475953538637,14.950516767893134,0.7827715355805245,270.8661417322835,0.0017559325393599334,11.899853096200388,0.8239700374531838,240.9448818897638,0.005425562475270623,18.409215219298687,0.7003745318352061,212.5984251968504,0.0031165818414391755,14.556103786592473,0.7940074906367043,171.6535433070866,0.0017376072962342892,11.948708111920098,0.8539325842696631,137.00787401574803,0.013506994693680663,27.08630080791272,0.8576779026217229,116.53543307086613,0.006002807633728485,16.983260594596402,0.8314606741573035,92.91338582677162,0.002618051931861931,9.326684118438607,0.8239700374531838,67.71653543307087,0.0016734689452945206,10.648381325706168,0.8726591760299628,34.64566929133855,0.002961169683392828,9.46207509572821
0.7827715355805245,332.2834645669292,0.006820571608210452,25.63000672311034,0.7228464419475656,267.7165354330709,0.003075350044406455,14.989111863394555,0.7640449438202248,237.7952755905512,0.008023165688331002,21.878026824071014,0.6516853932584271,211.0236220472441,0.0053678379594248316,17.779368027621672,0.752808988764045,173.22834645669292,0.0029434082939018003,15.10221406839338,0.7902621722846443,138.5826771653543,0.01581597532751211,29.72583383661697,0.8014981273408242,116.53543307086613,0.008311788267559933,19.94641453103452,0.7940074906367043,92.91338582677162,0.024258185769958335,35.89991396697695,0.7827715355805245,66.14173228346453,0.01458276976171577,22.962892367042457,0.8314606741573035,36.22047244094489,0.007215022466489973,14.196480052873255
0.7003745318352061,325.98425196850394,0.005136939896041692,21.53417960960377,0.6629213483146069,261.4173228346457,0.004848317316812761,17.68756948977608,0.7003745318352061,234.64566929133858,0.010043523742933491,24.628804539808755,0.6029962546816481,207.8740157480315,0.00744592052987314,20.531763847898162,0.7003745318352061,176.3779527559055,0.004848317316812761,17.48487300158388,0.752808988764045,143.30708661417322,0.01812495596134356,32.42604578552135,0.752808988764045,118.11023622047242,0.010620768901391353,22.77809747370577,0.752808988764045,92.91338582677162,0.027282163247788732,38.838704397577146,0.752808988764045,67.71653543307087,0.017547710802885697,26.024419704411002,0.7902621722846443,34.64566929133855,0.0420806300373448,38.441533283540195
0.7415730337078653,329.13385826771656,0.009355269900156837,30.089907357817594,0.6029962546816481,256.6929133858268,0.02224438731942921,41.83734630855656,0.6404494382022474,231.496062992126,0.012352504376764939,27.571732169513496,0.554307116104869,204.7244094488189,0.010043523742933491,23.657941816607206,0.6516853932584271,179.5275590551181,0.009408554068629865,23.772557554762955,0.7003745318352061,144.88188976377955,0.020433936595175006,35.15659719452577,0.704119850187266,121.25984251968498,0.013795617272909594,25.211322173729684,0.7003745318352061,94.48818897637796,0.03024710428895866,41.93443258087672,0.7191011235955057,66.14173228346453,0.020670082341816887,29.048436436564998,0.752808988764045,36.22047244094489,0.05478002352341774,38.407161696058836
0.6629213483146069,321.2598425196851,0.011816491015339797,33.67863206679476,0.5430711610486892,250.3937007874016,0.027690732872930973,50.314769354988414,0.5730337078651687,226.7716535433071,0.014661485010596387,30.57533871941837,0.50187265917603,201.57480314960628,0.012352504376764939,26.47951160591174,0.6029962546816481,182.67716535433073,0.007676818593256279,20.18849452790903,0.6516853932584271,146.45669291338584,0.022742917229006454,37.8568091434301,0.6554307116104869,121.25984251968498,0.014950107589825318,27.86501361714727,0.6516853932584271,96.06299212598424,0.03336947582788982,44.89556388664147,0.6816479400749065,66.14173228346453,0.023352231562934173,31.977695986265076,0.711610486891386,34.64566929133855,0.06927529083580403,36.26567301373865
0.6217228464419478,314.96062992125985,0.013795617272909594,37.11349237097892,0.4831460674157305,244.09448818897638,0.03216559555089213,55.13709481194388,0.5131086142322099,220.4724409448819,0.016970465644427835,33.54860580922315,0.45318352059925104,196.8503937007874,0.013564719209526455,28.68215640917532,0.554307116104869,184.251968503937,0.01189895460940521,27.04440345825077,0.6029962546816481,148.03149606299212,0.025629143021295764,41.254828674635576,0.6029962546816481,124.40944881889766,0.019279446278259282,32.82045876682196,0.5992509363295881,94.48818897637796,0.03630817845276618,47.831210045922205,0.6441947565543072,67.71653543307087,0.02644253392639548,34.66052732094181,0.6704119850187268,34.64566929133855,0.07556084922790074,35.20900171651675
0.5805243445692885,310.236220472441,0.01581597532751211,40.101929190833744,0.43071161048689155,236.2204724409449,0.03550003523092521,60.554545822871944,0.45318352059925104,212.5984251968504,0.019279446278259282,36.52187289902798,0.404494382022472,190.5511811023622,0.015758250811666347,31.473386738379816,0.50561797752809,184.251968503937,0.014950107589825318,29.806739063550424,0.5505617977528091,149.6062992125984,0.029092613972042936,45.138279567441884,0.554307116104869,124.40944881889766,0.02158842691209073,35.459991795526264,0.554307116104869,92.91338582677162,0.038937850841296445,50.66680340789526,0.5917602996254683,66.14173228346453,0.029381236551271867,37.62622924666971,0.6329588014981274,36.22047244094489,0.08191054597093722,34.74563541680692
0.5430711610486892,305.51181102362204,0.017980644671729107,42.77180167963803,0.3820224719101124,228.3464566929134,0.03839514171796002,64.85363867532811,0.3932584269662922,204.7244094488189,0.02158842691209073,39.434461068632686,0.35205992509363304,184.251968503937,0.017836333382114627,34.519468532424696,0.404494382022472,177.95275590551182,0.01764391832929535,33.171048083533606,0.50187265917603,154.33070866141733,0.031497802132284036,47.80815205624617,0.50187265917603,125.98425196850394,0.023897407545922178,38.008506443930344,0.50187265917603,96.06299212598424,0.04179200745811587,53.34206957849511,0.554307116104869,67.71653543307087,0.03231993917614823,40.47151897750706,0.5842696629213484,36.22047244094489,0.0882602427139737,34.392594426551796
0.50187265917603,300.7874015748032,0.019568068857488213,45.48501625429958,0.32209737827715357,215.748031496063,0.042513563906188184,68.01170419453712,0.33333333333333337,196.8503937007874,0.02476327528360897,42.4337334099518,0.26217228464419484,168.50393700787401,0.019856691436717144,37.236535736940255,0.35205992509363304,173.22834645669292,0.020087589500100284,36.738698907209596,0.4606741573033709,159.05511811023624,0.033999197818934734,50.50229611313051,0.456928838951311,132.28346456692913,0.026206388179753626,40.617700012534556,0.45318352059925104,97.63779527559052,0.04467823325040518,56.0119420672994,0.5131086142322099,69.29133858267716,0.03573093329430832,43.2875725013389,0.5430711610486892,36.22047244094489,0.09460993945701016,34.17194380764232
0.44194756554307124,289.7637795275591,0.0212998043328618,48.08554140573233,0.26217228464419484,201.57480314960628,0.04926412534259819,76.22418670169839,0.27340823970037453,184.251968503937,0.027328809321199465,45.232668998864256,0.21348314606741578,157.4803149606299,0.022935332281825732,40.48622901876769,0.303370786516854,165.35433070866142,0.02655273527482835,44.36239844114988,0.4007490636704121,162.2047244094488,0.036885423611224044,53.58478525929553,0.3932584269662922,141.73228346456693,0.028803991392814005,43.439269801839146,0.4007490636704121,96.06299212598424,0.04785308162192342,58.801149765830644,0.47565543071161054,66.14173228346453,0.039404311575403805,46.32096688479652,0.4831460674157305,36.22047244094489,0.10095963620004664,33.98439078156929
0.4007490636704121,280.3149606299213,0.023608784966693247,50.923003293184536,0.20224719101123603,184.251968503937,0.051412760099080246,80.3170280270682,0.2209737827715356,170.07874015748033,0.028803991392814005,48.05086773704659,0.1610486891385768,141.73228346456693,0.026668184306519904,45.22323005572201,0.25093632958801504,155.90551181102362,0.025051897862837902,41.022226147201934,0.35205992509363304,163.7795275590551,0.039771649403513354,56.59445970122039,0.33333333333333337,149.6062992125984,0.03169021718510329,46.54603051608416,0.35205992509363304,92.91338582677162,0.05131655257267059,61.78453000900208,0.4456928838951312,66.14173228346453,0.04176576904182233,48.83785494449029,0.44194756554307124,36.22047244094489,0.10730933294308312,33.8299353483327
0.36329588014981284,272.4409448818898,0.026495010758982557,56.70519873058555,0.1423220973782772,157.4803149606299,0.05351008417481046,83.76081680093893,0.17228464419475656,154.33070866141733,0.03082434944741652,51.0848137470515,0.12359550561797758,127.55905511811022,0.034432131687778145,54.77105814920742,0.20224719101123603,143.30708661417322,0.03082434944741652,47.686794215845964,0.303370786516854,160.62992125984252,0.042657875195802664,59.57986257506519,0.27715355805243447,146.45669291338584,0.040348894561971216,55.30806659297832,0.303370786516854,102.36220472440942,0.05467506985824358,64.65482680998252,0.404494382022472,69.29133858267716,0.04606886931396276,51.96006120205897,0.3932584269662922,37.79527559055117,0.1136590296861196,33.73064256982343
0.32209737827715357,261.4173228346457,0.02476327528360897,53.59287578198882,0.07865168539325845,119.6850393700787,0.06061019962384215,89.47029866563349,0.12359550561797758,132.28346456692913,0.03284470750201901,53.51197055505543,0.07865168539325845,105.51181102362204,0.03342195266047687,52.177034310653255,0.1610486891385768,132.28346456692913,0.03313333008124794,50.19283362011004,0.25093632958801504,152.75590551181102,0.04554410098809197,62.4681791765899,0.22471910112359558,138.5826771653543,0.043235120354260526,58.05075378602277,0.20224719101123603,118.11023622047242,0.06921115248486429,75.99784469777745,0.37453183520599265,69.29133858267716,0.04834786318631584,54.740491659133795,0.3146067415730338,39.37007874015745,0.12000872642915605,33.631349791314165
0.2808988764044944,250.3937007874016,0.029381236551271867,60.778271249017166,0.041198501872659166,80.31496062992125,0.06291393257441485,92.08169874042682,0.07865168539325845,108.66141732283461,0.03601955587353725,57.27406360746147,0.05243445692883897,81.88976377952753,0.0383285365073687,57.72915550896221,0.11985018726591762,116.53543307086613,0.03544231071507939,52.749438791207524,0.20224719101123603,141.73228346456693,0.04843032678038128,65.23513793771434,0.17228464419475656,125.98425196850394,0.045640308514501626,60.65859893417809,0.25093632958801504,119.6850393700787,0.07325186859406929,78.68505402092467,0.33333333333333337,64.56692913385825,0.05128047475026695,57.069272251786174,0.2808988764044944,39.37007874015745,0.1263584231721925,33.52102448185951
0.23970037453183526,236.2204724409449,0.03169021718510329,64.13078159007256,0.018726591760299643,51.968503937007824,0.06574768153411711,95.60236265691094,0.05243445692883897,81.88976377952753,0.04063751714120015,62.65021593719018,0.02996254681647939,61.41732283464563,0.0414392465279472,61.57552483942396,0.08988764044943823,100.78740157480314,0.04254242616411111,61.4730448853083,0.1610486891385768,132.28346456692913,0.05131655257267059,67.92928199459874,0.13483146067415733,114.96062992125985,0.04979472442764532,63.529508653544326,0.149812734082397,108.66141732283461,0.07729258470327433,81.21623183498588,0.303370786516854,67.71653543307087,0.05506864610264667,58.915630661941464,0.23970037453183526,39.37007874015745,0.132708119915229,33.48792688902307
0.20224719101123603,217.3228346456693,0.033751807036738496,67.39877486370642,,,0.07609961137579477,107.70548281681869,0.02996254681647939,59.84251968503935,0.043235120354260526,65.5506683227548,0.9250936329588016,207.8740157480315,0.04477444077681483,65.64775459507501,0.05992509363295884,81.88976377952753,0.039771649403513354,57.375195141128245,0.11235955056179778,116.53543307086613,0.054202778364959875,70.55061134724292,0.09363295880149816,97.63779527559052,0.0529958112154571,66.32073898274882,0.101123595505618,91.33858267716533,0.08162192339170829,83.79075173490429,0.26217228464419484,75.59055118110234,0.059782814896719216,61.03615665986757,0.20224719101123603,40.944881889763735,0.13905781665826547,33.399666641459305
0.1610486891385768,198.42519685039372,0.03624404010182644,70.73129968739431,,,0.07925521824203105,110.69578495162773,,,0.045832723567320904,68.53000330457968,0.8014981273408242,211.0236220472441,0.049007571938839145,68.72215321854668,0.041198501872659166,61.41732283464563,0.04277332422749422,60.13810864090607,0.07116104868913861,97.63779527559052,0.057089004157249185,73.09912599564706,0.06367041198501874,77.16535433070862,0.05598699067292054,69.12300184289876,0.05992509363295884,70.86614173228344,0.08652850723860012,86.50781893941979,0.2322097378277154,67.71653543307087,0.07007702022255108,67.14045603199742,0.17228464419475656,39.37007874015745,0.14540751340130195,33.33347145578642
0.11985018726591762,170.07874015748033,0.0383285365073687,73.8596351288216,,,0.08296008262267879,113.38551599613396,,,0.04854577581207284,71.25448682156406,0.752808988764045,211.0236220472441,0.051893797731128455,71.55788142256455,0.018726591760299643,39.37007874015745,0.046891006357826975,63.87233433736844,0.041198501872659166,74.015748031496,0.060263852528767425,75.84181318869145,0.033707865168539325,51.968503937007824,0.05939798479108063,71.94824914251848,0.02996254681647939,47.24409448818898,0.09181992119113053,88.58438643071207,0.17228464419475656,72.44094488188972,0.0761380943863586,69.48994382214516,0.1423220973782772,45.669291338582696,0.15175721014433843,33.245211208222656
0.101123595505618,151.18110236220474,0.04060544796573026,76.8531285253598,,,0.09639415176497082,125.85227596451767,,,0.05131655257267059,74.03661531273855,0.31086142322097376,177.95275590551182,0.05478002352341774,74.45833380812923,0.011235955056179775,22.04724409448818,0.05016206225575487,67.2658591337443,0.018726591760299643,47.24409448818898,0.0637273234795146,78.71394874482945,0.011235955056179775,26.77165354330708,0.06265154841147949,74.57307212996216,0.011235955056179775,23.62204724409446,0.09645712396407533,91.06008637487605,0.20224719101123603,62.99212598425191,0.08941473303088943,74.3388935266791,0.101123595505618,45.669291338582696,0.15810690688737492,33.245211208222656
0.08239700374531839,132.28346456692913,0.04236925261657373,79.5230010141641,,,0.09980514588313091,128.62236060941007,,,0.054347089654574354,76.70648780154289,,,0.05795487189493598,77.13124024294353,0.45318352059925104,181.10236220472441,0.05256725041599597,70.2188999168157,,,0.06719079443026177,81.48495276730057,,,0.07339617988368377,83.36599929350365,,,0.11077280389383029,97.57589915127204,0.11235955056179778,81.88976377952753,0.09576442977392588,75.53290232221826,0.05992509363295884,39.37007874015745,0.1644566036304114,33.13488589876795
0.05992509363295884,110.23622047244089,0.047102662915928184,86.18689487258376,,,0.10349063420251572,131.4890506214275,,,0.057089004157249185,80.20152618404603,,,0.060552475107996356,80.07416787264833,,,0.05627124018276722,73.71805098168807,,,0.07094288796023787,84.3368620167052,,,0.07729258470327433,86.26125062876542,,,0.11712250063686674,99.94789330454859,0.08239700374531839,72.44094488188972,0.1023546453329865,76.13172358520302,0.02996254681647939,28.346456692913364,0.17104681918947193,33.258695412711575
0.018726591760299643,55.118110236220446,0.04554410098809197,82.63785225110246,,,0.10702071036385419,134.29583964811923,,,0.06014840349707587,83.29925248128347,,,0.06533536356379005,84.43221460559107,,,0.060604951940583435,76.16175658611013,,,0.07469498149021395,87.08763973244294,,,0.08133330081247936,89.00047045494131,,,0.12347219737990325,102.11026936986116,0.04868913857677906,58.26771653543307,0.10870434207602295,75.75368428078184,0.011235955056179775,12.598425196850371,0.1770541303238153,33.147762335445634
0.041198501872659166,83.46456692913381,0.04958481709729701,89.85864375491411,,,0.11055078652519265,137.0341704058672,,,0.06315007832105674,86.13295805462809,,,0.06868638415899347,87.75694660980162,,,0.06742694017690362,82.29584379179278,,,0.07844707502019005,89.76329116602824,,,0.08607953878202179,91.86104812151734,,,0.12982189412293968,104.0850924091007,0.02247191011235955,36.22047244094489,0.11431873843864288,75.19952475446462,0.35205992509363304,37.79527559055117,0.18350569385952079,33.0024955274223
,,0.051893797731128455,92.96843841516915,,,0.1145248974238064,139.88407925130923,,,0.06603630411334604,89.00913887211271,,,0.07204490144456652,90.55920946995161,,,0.07065426538100894,85.42908258030695,,,0.08248779112939508,92.46783732351832,,,0.1061548426261674,103.0394536428243,,,0.13617159086597616,105.87236242226726,0.011235955056179775,15.748031496062936,0.12116321674607178,74.15383595403421,,,0.18985539060255727,32.91423527985853
,,0.054202778364959875,96.10857253552422,,,0.11837319848019212,142.73020955593284,,,0.06926362931745134,91.46387700748033,,,0.07503608090202996,93.18495183497402,,,0.07477369673909456,87.812109264529,,,0.08652850723860012,95.13770981232261,,,0.11163867163151708,105.6108914388596,,,0.14282915169352353,107.3721982292011,0.1423220973782772,85.03937007874015,0.12751291348910823,73.08368045232339,,,0.19620508734559375,32.88113768702209
,,0.05651175899879132,99.2031974657292,,,0.12206115365922846,145.47424516942618,,,0.07204490144456652,94.63021338883095,,,0.07844707502019005,95.97710154175729,,,0.08133330081247936,93.7353525454759,,,0.09085784592703408,97.82275203117695,,,0.1176997457953246,108.2443565755438,,,0.15406619077816988,110.16810308262842,,,0.1338626102321447,72.03559001250346,,,0.20255478408863023,32.75977984662188
,,0.05882073963262277,102.20680401563408,,,0.1260698005929636,148.41380174800867,,,0.07503608090202996,97.52073649654466,,,0.08150647436001673,98.72990188816846,,,0.085596034290322,96.29527690537066,,,0.09547580719469695,100.65949155053158,,,0.12400133877515626,110.90209328030801,,,0.15817906253218214,110.72418605733253,,,0.1402123069751812,71.04266222741097,,,0.2089044808316667,32.75977984662188
,,0.06112972026645422,105.3317684059391,,,0.13104052279079517,151.27245309965775,,,0.07793396821267196,100.1673180866863,,,0.08554379490946612,102.16179623392816,,,0.08890964351723879,99.30938557607936,,,0.10500035230925167,105.93855760794008,,,0.1277228208194566,112.06455429092932,,,0.17022905521498996,112.33742555631403,,,0.14656200371821768,70.19315734460963,,,0.21525417757470314,32.71564972284
,,0.06699837937744249,112.59554081155915,,,0.15291170046125416,163.8667000923003,,,0.08107091664954397,102.88254653604423,,,0.09069074864432258,105.88054004388908,,,0.09396855594761255,101.22486498160231,,,0.11024803556795948,108.6173611932241,,,0.13328536507368685,114.31224859555363,,,0.17657875195802644,112.92214969642407,,,0.15291170046125416,69.40984764748106,,,0.22160387431773962,32.638422006221674
,,0.06978839764332215,116.25397404195672,,,0.15839552946660382,166.6174778080381,,,0.08344986639349153,105.38570522389472,,,0.09922790072467305,111.95443912492124,,,0.09847748201867784,105.01623802089858,,,0.11567938774072209,111.22975944938861,,,0.13957092346578362,115.83296721291407,,,0.18292844870106292,113.31932081046114,,,0.15926139720429064,68.71479819791637,,,0.2279535710607761,32.57222682054885
,,0.0720973782771536,119.06037410121127,,,0.16416798105118244,169.37230078512255,,,0.0915505401171835,111.44820356210897,,,0.10326861683387809,114.55496427635399,,,0.10297999425464915,108.18367765534373,,,0.12161218520265013,113.92120666537522,,,0.14598475855975981,118.50902336721128,,,0.1892781454440994,113.51790636747961,,,0.16536370316513085,68.39072385566232,,,0.23430326780381258,32.517064165821466
,,0.07440635891098502,121.82126497031572,,,0.16994043263576106,172.04217327392686,,,0.09468209510181741,114.03919345465317,,,0.10759795552231205,117.22483676515833,,,0.10759795552231205,110.7777014938979,,,0.12751291348910823,116.39739694424787,,,0.1523344553027963,120.52356351785454,,,0.19616660433502983,113.88049720991819,,,0.17196079069036355,67.58948004147817,,,0.24065296454684906,32.517064165821466
,,0.07671533954481646,124.47596772907002,,,0.17600150679956858,174.62709527445102,,,0.09821772169737181,116.83042378385767,,,0.11250453936920388,119.85425664049586,,,0.11308178452766174,113.2862232176247,,,0.1338626102321447,118.89074893792463,,,0.15868415204583278,122.35496365480299,,,0.20197753893017237,113.573069022207,,,0.17831048743340003,67.15921133460472,,,0.24736343951392162,32.875033676597184
,,0.07902432017864791,127.03748500323127,,,0.18235120354260506,177.2749027013644,,,0.10211412651696236,119.77335141356241,,,0.11423627484457746,121.77575578016564,,,0.12154804685171036,116.88098955069108,,,0.1402123069751812,121.27377562214667,,,0.16506271104679213,123.82388604734825,,,0.21467693241624528,112.73459667035104,,,0.1846601841764365,66.81720287529504,,,0.253352358032922,32.384673794475816
,,0.08199300956500263,129.8807258354645,,,0.18870090028564154,179.7903197569321,,,0.1061548426261674,122.54724490842403,,,0.1353057231282894,131.83632074934195,,,0.12462668769681898,119.71177938371437,,,0.14656200371821768,123.49131434218663,,,0.17369252616573713,126.24944707855474,,,0.22102662915928176,112.2712303706412,,,0.191009880919473,66.41372745786072,,,0.2597020547759584,32.27434848502111
,,0.08635533369106274,135.37996968902763,,,0.21467693241624528,189.06867828207436,,,0.11019555873537243,125.25179106591418,,,0.14107817471286802,134.40910696582608,,,0.13617159086597616,124.14223366796949,,,0.15291170046125416,125.60956028371731,,,0.17909389157702146,127.85317617936795,,,0.22737632590231824,111.7085712924221,,,0.21236795178241383,65.5263967546748,,,0.26605175151899496,32.27434848502111
,,0.0891261104516605,138.62022402771288,,,0.22102662915928176,191.09866397604128,,,0.1145248974238064,127.96500564057567,,,0.14713924887667554,136.928937033772,,,0.14252128760901264,126.63558566164625,,,0.15930262900132333,127.54545424947787,,,0.18581467449335223,129.02596736649855,,,0.23372602264535472,111.12384715231207,,,0.2187176485254503,65.29471360481989,,,0.2724014482620314,32.219185830293725
,,0.09178785201566061,141.53685745866426,,,0.22737632590231824,193.10658460811723,,,0.12982189412293968,136.77693327407883,,,0.15393791407629034,139.01531121923796,,,0.14887098435204912,128.89725450546808,,,0.16570730147373677,129.48197864557812,,,0.19216437123638871,130.46387389972512,,,0.2400757193883912,110.49499288842014,,,0.23776673875455975,64.9805491521821,,,0.2787511450050679,32.1529906446209
,,0.0948198467873585,144.49725326236597,,,0.23372602264535472,195.01521246168397,,,0.13501710054906044,139.4872583763498,,,0.1568369675387676,141.4721332771175,,,0.15445102088380844,131.36330609270806,,,0.1800422229087736,133.4426572550027,,,0.1985140679794252,131.78777761318185,,,0.24642541613142768,109.88820368641916,,,0.24411643549759623,64.55553403147326,,,0.28510084174810435,32.09782798989352
,,0.09576442977392588,146.47207630160557,,,0.2400757193883912,196.83558006768692,,,0.1402123069751812,142.06274143373173,,,0.17484701648265286,147.089898034552,,,0.16214762299657995,133.4426572550027,,,0.1863919196518101,135.04237424209623,,,0.20486376472246168,133.03445361002025,,,0.2527751128744641,109.2372843606363,,,0.25046613224063274,64.45624125296399,,,0.2978002352341773,32.03163280422069
,,0.10875244583922777,158.38941622890482,,,0.24642541613142768,198.6780127355808,,,0.1456961359805309,144.66384447964265,,,0.18119671322568934,149.10885119757341,,,0.1683736243485183,134.81825625631814,,,0.19274161639484658,136.58692857446232,,,0.2112134614654981,134.1597717664584,,,0.2591248096175006,108.61946262768987,,,0.25681582898366917,64.31281835067284,,,0.30414993197721374,31.932340025711426
,,0.11187481737815894,161.16740752097473,,,0.2729786934204893,205.65057229311932,,,0.15175721014433843,147.3215811844069,,,0.18754640996872582,151.0395441130311,,,0.17484701648265286,137.3150756168635,,,0.19933870392007927,137.97702747359187,,,0.21756315820853458,135.0754718349326,,,0.26547450636053704,108.00164089474339,,,0.2631655257267056,64.16939544838175,,,0.3104996287202503,31.910274963820484
,,0.11423627484457746,163.89559481620515,,,0.27932839016352573,207.20615915643094,,,0.15810690688737492,149.99145367321125,,,0.1938961067117623,152.90404184281596,,,0.18119671322568934,139.10234563003002,,,0.20544100988091954,139.37815890366682,,,0.23641983338482472,138.01748008705857,,,0.2718242031035736,107.41691675463335,,,0.26951522246974213,64.07010266987248,,,0.3168493254632867,31.833047247202217
,,0.11730288974888484,167.20060945484204,,,0.28567808690656227,208.7396809578516,,,0.1642321194021222,153.08454825322423,,,0.20024580345479878,154.72440944881888,,,0.18754640996872582,140.84548551941464,,,0.2167293596463177,141.90093097986488,,,0.2429619451806805,138.8816950111206,,,0.27817389984661,106.84322514546881,,,0.27586491921277856,63.915647236635834,,,0.32319902220632324,31.788917123420333
,,0.13022596573386022,176.98143737821485,,,0.2920277836495987,210.22907263549035,,,0.1615703778381221,151.3263899176134,,,0.20486376472246168,156.10788882938112,,,0.20024580345479878,143.912529122256,,,0.22275836463465534,143.12921942512742,,,0.249311641923717,139.5767444606853,,,0.28452359658964654,106.30263112914065,,,0.2822146159558151,63.82738698907207,,,0.32954871894935966,31.788917123420333
,,0.1335739876529158,179.60276673085906,,,0.2983774803926351,211.6853667202927,,,0.1800422229087736,158.39824225366118,,,0.22564459042694465,161.24463523759306,,,0.20836331349561246,145.50323620907727,,,0.22910806137769182,144.35383036007488,,,0.25566133866675345,140.2276637864682,,,0.29087329333268297,105.72368593381162,,,0.2885643126988515,63.7280942105628,,,0.3358984156923962,31.700656875856566
,,0.13682099166924125,182.24229975956334,,,0.30472717713567166,213.14166080509506,,,0.1863919196518101,160.57165084991925,,,0.23199428716998113,162.76712450806824,,,0.21467693241624528,147.53119927237088,,,0.2354577581207283,145.55637623313135,,,0.26201103540978987,140.75722527185087,,,0.29806261939711276,105.46268777315873,,,0.29542334340523313,63.87066108734365,,,0.3422481124354326,31.667559283020125
,,0.14067410310194747,185.0153264127078,,,0.33301218990010684,219.16542270132297,,,0.19274161639484658,162.63473413672259,,,0.23834398391301762,164.2234185928706,,,0.22102662915928176,148.8992331096095,,,0.2418074548637648,146.69272692051504,,,0.2683607321528264,141.50777010326675,,,0.3064589126110452,104.4822635231377,,,0.3013316173800372,63.98324852919393,,,0.34859780917846905,31.634461690183684
,,0.14425302308438623,187.9764577184726,,,0.33936188664314326,220.44519629099776,,,0.19909131313788306,164.6316222378531,,,0.2446936806560541,165.64661508483653,,,0.22737632590231824,150.30036453968447,,,0.2482015550805288,147.98064760996493,,,0.27471042889586283,141.62879521654315,,,0.31915830609711815,103.76514901168201,,,0.30783788715625016,63.86366592019698,,,0.3549475059215056,31.46897372600165
,,0.14829373919359126,190.7676880476771,,,0.3457115833861798,221.7139373497271,,,0.20544100988091954,166.5292175604743,,,0.2764421643712365,172.26613365211995,,,0.23372602264535472,151.64633331503208,,,0.2546030558762473,148.83855418940936,,,0.28145975690244707,142.18534396993095,,,0.3255080028401547,103.36797789764506,,,0.31396309967099745,63.34195562747129,,,0.3611047876117227,31.738351356586918
,,0.1523344553027963,193.50690787385298,,,0.3520612801292162,222.9385482846745,,,0.21217553672959452,168.62680406627896,,,0.2827918611142729,173.50177711801285,,,0.2400757193883912,152.86542798450677,,,0.26547450636053704,150.5982428752122,,,0.28933397291012874,142.06274143373173,,,0.3318576995831911,103.00390437644444,,,0.3203127964140339,63.26472791085297,,,0.36764689940757855,31.491038787892535
,,0.15752966172891705,196.16259568001308,,,0.35841097687225276,224.15212668867647,,,0.21814040336699245,170.30234314382585,,,0.28914155785730944,174.71535552201482,,,0.24547708479967548,154.26776961568032,,,0.2718242031035736,151.53600800557734,,,0.29491400944188795,142.2245518875987,,,0.33820739632622754,102.62879832429837,,,0.32669287448119977,63.22926620424255,,,0.373996596150615,31.42484360221971
,,0.17051767779421892,204.7541791537997,,,0.3647606736152892,225.32157496889656,,,0.22439389258361933,172.2316825311814,,,0.29549125460034587,175.88480380223487,,,0.26489726120207924,157.67009521126002,,,0.27817389984661,152.41861048121515,,,0.3012637061849245,142.2245518875987,,,0.3445570930692641,102.29782239593419,,,0.3335369582259776,63.23714658348928,,,0.3803462928936515,31.42484360221971
,,0.17513563906188181,207.3482029923539,,,0.37695073313801697,227.97417191519656,,,0.2371894935961019,175.15665675983368,,,0.3272397383155282,181.423134336862,,,0.27124695794511566,158.78438083675272,,,0.28452359658964654,153.30121295685296,,,0.3076134029279609,142.2245518875987,,,0.3509067898123005,101.96684646757006,,,0.33981085509972164,63.05782417574062,,,0.38669598963668794,31.336583354656
,,0.1800422229087736,210.06358467130826,,,0.3847718391084951,229.13024981862796,,,0.24353919033913837,176.73430868503624,,,0.33358943505856475,182.48225730762735,,,0.2775966546881522,159.89866646224544,,,0.29087329333268297,154.08452265398145,,,0.31396309967099745,142.2245518875987,,,0.35725648655533704,101.65793560109677,,,0.3457115833861798,62.790329080197694,,,0.3935404679441169,31.462303547853423
,,0.18523742933489437,212.80087818255714,,,0.3901594605874351,229.75787824574817,,,0.24988888708217485,178.24576542456597,,,0.3399391318016012,183.50828268555628,,,0.2839463514311886,160.9798544949017,,,0.29746350889174356,154.9873514363526,,,0.3203127964140339,142.02596633058022,,,0.36360618329837346,101.36005726556908,,,0.3520612801292162,62.85652426587052,,,0.40574507986579733,31.18212792141935
,,0.19043263576101513,215.45726646687254,,,0.39650915733047165,230.99229587486934,,,0.25623858382521125,179.72412457125927,,,0.3461084394326196,184.6360831614572,,,0.29029604817422516,162.03897746566707,,,0.31511758998791317,156.7654276737313,,,0.3266624931570704,141.83841330450718,,,0.36995588004141,101.06217893004134,,,0.35841097687225276,62.801361611143136,,,0.41209477660883387,31.18212792141935
,,0.19759047572589258,219.594624930205,,,0.4028588540735081,232.05141884563471,,,0.26312704271614173,181.513285875445,,,0.3528694233510572,185.79577290537668,,,0.2966457449172616,162.83331969374106,,,0.3214672867309496,157.3170542210049,,,0.33301218990010684,141.58466509276127,,,0.3763055767844464,100.79739818734993,,,0.3647606736152892,62.6138085850701,,,0.4184444733518703,31.18212792141935
,,0.21467693241624528,226.68960880613514,,,0.4092085508165445,233.12157434734553,,,0.2667572733793323,182.58307557189696,,,0.36038323116365045,186.21227429784017,,,0.3161896167107635,165.97601493735135,,,0.32781698347398613,157.84661570638758,,,0.33936188664314326,141.30885181912447,,,0.38265527352748296,100.54364997560407,,,0.37164913250621967,62.72168222098139,,,0.42479417009490683,31.082835142910085
,,0.22102662915928176,229.35948129493943,,,0.41555824755958104,234.14759972527446,,,0.2725251436531295,183.12214410246474,,,0.37284210583369926,188.47292161101885,,,0.3220445318894075,166.82709589600208,,,0.33416668021702256,158.30998200609739,,,0.3457115833861798,140.9447782979239,,,0.3890049702705194,100.28990176385821,,,0.37746006710136215,62.60277605412466,,,0.43114386683794326,31.060770081019143
,,0.22737632590231824,231.8859308814526,,,0.4376474956232351,237.26430722932432,,,0.28470121048455654,185.56589685445505,,,0.3791918025767358,189.37758914854757,,,0.32839422863244394,167.70969837163986,,,0.340516376960059,158.72921818202536,,,0.3520612801292162,140.60276983861422,,,0.3953546670135559,99.84829406684639,,,0.3838097638443987,62.40419049710613,,,0.43773408239700384,31.23876158027275
,,0.25162062255754847,240.910541194849,,,0.4438432603240162,238.51490590383216,,,0.2914505384911409,187.35863598552615,,,0.3855414993197722,190.28225668607632,,,0.3347439253754805,168.5702357853867,,,0.3472371598763898,159.3543073758327,,,0.35841097687225276,140.18353366268627,,,0.40120958219219993,100.04287814240297,,,0.3901594605874351,62.37109290426969,,,0.4436187760957271,31.450260257506386
,,0.2579703193005849,243.09498232205254,,,0.45019295706705265,239.50940976477403,,,0.2978002352341773,188.62737704425544,,,0.39229082732635645,191.05707982093912,,,0.3410936221185169,169.39767560629716,,,0.35321577044613195,159.09329170322593,,,0.3647606736152892,139.77533001770382,,,0.4080540604996288,99.26164361180935,,,0.39650915733047165,62.37109290426969,,,0.4525019377008841,30.939412240618935
,,0.2643200160436213,245.23529332547417,,,0.4565426538100892,240.41407730230273,,,0.30414993197721374,189.88508557203932,,,0.398640524069393,192.1448920869195,,,0.3469045567136594,169.9669542030835,,,0.3659151639322049,159.89866646224544,,,0.3711103703583257,139.33402877988493,,,0.4144037572426653,99.36316916443855,,,0.40278188805238035,62.56364734437142,,,0.45885163444392063,30.939412240618935
,,0.27066971278665786,247.30940914322298,,,0.4628923505531256,241.32977737077698,,,0.3104996287202503,191.10969650698675,,,0.40435007073285756,192.93190286814726,,,0.36649240909066283,172.37645896157468,,,0.37226486067524145,160.02002430264562,,,0.37746006710136215,138.8816950111206,,,0.42075345398570174,99.16458360742001,,,0.4092085508165445,62.12837722346933,,,0.46520133118695706,30.87321705494611
,,0.286832577223478,252.0864950426125,,,0.48545301549618713,244.43819296466376,,,0.3168493254632867,192.30120984909777,,,0.41728998303495457,194.45255338346487,,,0.37284210583369926,173.07150841113943,,,0.3786145574182779,160.17447973588224,,,0.3841945939500372,138.50920407742075,,,0.4271031507287383,98.9549655194561,,,0.41555824755958104,62.12837722346933,,,0.4715510279299936,30.818054400218728
,,0.2931822739665144,254.22680604603417,,,0.4917546084760187,245.09581061280642,,,0.32369380377071566,193.7384784468615,,,0.4236396797779911,195.22483054964795,,,0.3791918025767358,173.7224277369223,,,0.3849642541613144,160.18551226682771,,,0.3901594605874351,138.05425519021014,,,0.4334528474717747,98.76741249338306,,,0.42190794430261747,62.12837722346933,,,0.47790072467303,30.818054400218728
,,0.29953197070955084,256.08027124487353,,,0.49810430521905513,246.09583073922104,,,0.33104276524183884,194.93204664752736,,,0.42998937652102753,195.98607518488552,,,0.3855414993197722,174.32921693892328,,,0.39180873246874337,160.26988486062976,,,0.39650915733047165,137.5908888905003,,,0.43980254421481124,98.54676187447359,,,0.428257641045654,61.96288925928724,,,0.49021528805346437,31.07191702339668
,,0.3058816674525874,257.889606319931,,,0.5044540019620917,246.89017296729503,,,0.33763015116776973,196.06330290150385,,,0.43633907326406407,196.73628728917765,,,0.39229082732635645,174.9258222662054,,,0.39726401638383957,160.16746417774257,,,0.4028588540735081,137.11727809776966,,,0.44592775672955853,98.03541719911635,,,0.43460733778869043,61.95185672834174,,,0.4969498149021394,30.696696559818577
,,0.3122313641956238,259.63274620931566,,,0.5108036987051281,247.68451519536904,,,0.34397984791080616,197.12242587226916,,,0.4431835515714929,197.20832200605895,,,0.41728998303495457,176.98805689678213,,,0.4088116947701048,160.36556251515955,,,0.4092085508165445,136.53176591973494,,,0.4525019377008841,98.21578594610946,,,0.4536564280177998,61.72017357848682,,,0.503299511645176,30.696696559818577
,,0.3312804544247333,264.7849381608512,,,0.5171533954481646,248.4567923615521,,,0.3503295446538427,198.25877655965283,,,0.44953324831452945,198.31378598478372,,,0.4236396797779911,177.42935813460102,,,0.4149810024011231,159.88763393129994,,,0.41555824755958104,136.06839962002516,,,0.4593928017799749,97.78551395574465,,,0.46000612476083635,61.642945861868554,,,0.5096492083882124,30.66359896698208
,,0.33763015116776973,266.4177527407811,,,0.5235030921912011,249.22906952773516,,,0.3566792413968791,199.3178995304182,,,0.45538816349317346,199.04208625678137,,,0.42998937652102753,177.81549671769255,,,0.42133069914415966,159.68904837428147,,,0.42190794430261747,135.59400078936983,,,0.46520133118695706,97.89584254869072,,,0.4667406516095114,61.95824508911784,,,0.5159989051312489,30.57533871941837
,,0.34397984791080616,268.01746972787464,,,0.5535198404310099,252.66018665177708,,,0.36302893813991566,200.36598997023805,,,0.4680875569792464,200.25566466078334,,,0.43633907326406407,178.2016353007841,,,0.4276803958871961,159.45736522442652,,,0.428257641045654,135.14166702060544,,,0.4715510279299936,97.71932205356319,,,0.4729460370629335,61.77441685563542,,,0.5223486018742853,30.57533871941837
,,0.3503295446538427,269.5730565911862,,,0.5598695371740463,253.3331710394509,,,0.3693786348829521,201.40304787911248,,,0.47443725372228285,200.92864904845715,,,0.4426887700071005,178.65396906954845,,,0.4340300926302326,159.20361701268067,,,0.43460733778869043,134.70036578278655,,,0.47790072467303,97.5317690274901,,,0.48540491173298217,61.40023018106814,,,0.5286982986173218,30.57533871941837
,,0.3693786348829521,274.261882243012,,,0.5662192339170828,253.99512289617923,,,0.3757283316259886,202.39597566420497,,,0.4807869504653194,201.53543825045813,,,0.4490384667501369,178.70913172427584,,,0.44037978937326905,158.92780373904387,,,0.44095703453172697,134.25906454496766,,,0.48425042141606656,97.388346125199,,,0.4917546084760187,61.40023018106814,,,0.5350479953603583,30.509143533745544
,,0.3757283316259886,275.6519811421415,,,0.5725689306601193,254.6570747529076,,,0.3826191957050793,203.61042966590102,,,0.49388597521494004,202.83812555825045,,,0.45538816349317346,178.84152209562149,,,0.4467294861163055,158.61889287257063,,,0.4473067312747634,133.81163412329016,,,0.5056084922790074,96.84775210887085,,,0.49810430521905513,61.389197650122696,,,0.5419364542512889,30.836547023517767
,,0.38207802836902505,277.0862101650529,,,0.5789186274031557,255.3300591405814,,,0.3880280938485138,204.5945987799059,,,0.5044540019620917,203.63382563628699,,,0.4680875569792464,179.52553901424076,,,0.453079182859342,158.49911110801978,,,0.4613530301305714,132.64065354710544,,,0.5183078857650804,96.61606895901593,,,0.5044540019620917,61.20164462404966,,,0.5540970855894677,30.45398087901816
,,0.3884277251120616,278.5094066570188,,,0.5852683241461922,255.94788087352782,,,0.394777421855098,205.55127951461006,,,0.5171533954481646,204.93345778166363,,,0.47443725372228285,179.6689619165319,,,0.4662733579098074,157.70634495579512,,,0.4675103118207885,132.4497294699102,,,0.5246575825081168,96.46161352577934,,,0.5108036987051281,61.15751450026772,,,0.5604467823325042,30.43191581712722
,,0.41209477660883387,283.6615986085544,,,0.5978440222411672,257.42434872920194,,,0.40112711859813444,206.11393859282916,,,0.5235030921912011,205.48508432893723,,,0.4807869504653194,179.84548241165948,,,0.47198396179883695,157.3289076247885,,,0.47386000856382504,132.0856559487096,,,0.5310072792511532,96.32922315443369,,,0.5171533954481646,61.15751450026772,,,0.5667964790755406,30.332623038617953
,,0.4184444733518703,285.007567383902,,,0.6075334945438524,258.15249577160307,,,0.407476815341171,207.15099650170356,,,0.5298527889342375,206.01464581431992,,,0.4871366472083558,179.90064506638683,,,0.47847796983148794,156.80955779751315,,,0.48020970530686147,131.66641977278164,,,0.5373569759941897,96.20786531403348,,,0.5235030921912011,61.15751450026772,,,0.5731461758185771,30.332623038617953
,,0.42479417009490683,286.32043856641326,,,0.6141305820690852,258.6345648380586,,,0.4138265120842074,208.0446315082868,,,0.536202485677274,206.54420729970258,,,0.49398112551578466,180.2442296015458,,,0.48482766657452436,156.4013541525307,,,0.4865594020498979,131.28028118969013,,,0.5437066727372262,95.8125329551541,,,0.5298527889342375,61.02512412892207,,,0.5794958725616136,30.332623038617953
,,0.43114386683794326,287.61124468703355,,,0.6204802788121218,259.26867268811503,,,0.42017620882724394,208.92723398392462,,,0.5431294275787684,206.90153871865874,,,0.5188851309235382,179.98890531395062,,,0.4915419392071131,156.1292151633228,,,0.49290909879293443,130.85395267244007,,,0.5560064349597514,95.82104780596069,,,0.536202485677274,60.914798819467364,,,0.58584556930465,30.21739438207635
,,0.45019295706705265,291.4505654560579,,,0.6268299755551582,259.82029923538863,,,0.42652590557028036,209.78777139767146,,,0.5679509693924564,208.92723398392462,,,0.5252348276665747,179.90064506638683,,,0.5110510894873243,154.62905685993303,,,0.49925879553597086,130.10114879897344,,,0.5627557629663357,95.51303476389228,,,0.5425521824203104,60.914798819467364,,,0.5921952660476866,30.428238306812148
,,0.4565426538100892,292.620013736278,,,0.6331796722981947,260.3719257826623,,,0.4328756023133169,210.63727628047283,,,0.5743006661354928,209.3685352217435,,,0.5315845244096111,179.84548241165948,,,0.5165761502897067,154.261043149109,,,0.5056084922790074,129.83501963583325,,,0.5691054597093721,95.590043581087,,,0.548901879163347,60.914798819467364,,,0.598544962790723,30.211265198217745
,,0.4628923505531256,293.82255960933446,,,0.6395293690412311,260.90148726804495,,,0.4392252990563533,211.4867811632742,,,0.5806503628785293,209.8098364595624,,,0.5379342211526476,179.6689619165319,,,0.5229258470327433,153.84180697318106,,,0.5183078857650804,129.48197864557812,,,0.5754551564524085,95.4686857406868,,,0.5552515759063834,60.83757110284904,,,0.6048946595337595,30.211265198217745
,,0.46924204729616215,295.0140729514455,,,0.6461195846002918,261.2159143999909,,,0.44538258074657044,212.5323177764863,,,0.5870000596215658,210.21804010454488,,,0.5508933749600264,179.53939096976123,,,0.5292755437757797,153.41153826630764,,,0.5246575825081168,129.16203524815944,,,0.5818048531954451,95.36939296217759,,,0.56160127264942,60.70518073150339,,,0.611244356276796,30.211265198217745
,,0.47559174403919857,296.194553762611,,,0.67762754949945,263.8913031542679,,,0.4582743892854627,213.8036126618234,,,0.5938909237006565,210.71588306345933,,,0.556983311381757,179.44279503214972,,,0.5356252405188161,152.97023702848878,,,0.5310072792511532,128.79796172695882,,,0.5881545499384815,95.15977487421355,,,0.5679509693924564,60.67208313866695,,,0.6175940530198324,30.18920013632686
,,0.4819414407822351,297.34193698094015,,,0.6839772462424865,264.35466945397775,,,0.46462408602849925,214.5979548898974,,,0.5994589342916146,211.2389578292583,,,0.5633330081247935,178.96287993602166,,,0.5590861330304251,151.31772150044196,,,0.5373569759941897,128.50008339143108,,,0.6060130720282716,94.91707451637285,,,0.5743006661354928,60.67208313866695,,,0.6239437497628689,30.089907357817594
,,0.48829113752527153,298.46725513737834,,,0.690326942985523,264.80700322274214,,,0.4709737827715357,215.38126458702595,,,0.6123988465937117,211.73895329917073,,,0.5696827048678299,178.70913172427584,,,0.5630031537485318,151.2633719007163,,,0.5437066727372262,127.95644229512749,,,0.6181712981782903,94.71847363639466,,,0.5806503628785293,60.67208313866695,,,0.6429928399919783,30.089907357817594
,,0.5067629825959231,301.98663250898403,,,0.6966766397285594,265.2372719296156,,,0.4773234795145722,216.14250922226353,,,0.6187485433367481,212.13770048905707,,,0.5760324016108664,178.45538351252995,,,0.5685282145509143,150.74166577750333,,,0.5500563694802627,127.92639178226648,,,0.6245209949213267,94.6412459197764,,,0.5868557483319513,60.65185683193363,,,0.6556922334780513,29.968549517417387
,,0.5131126793389595,302.78097473705805,,,0.7030263364715958,265.6785731674345,,,0.48367317625760864,216.85962373371925,,,0.6250982400797847,212.47970894836672,,,0.5823820983539029,178.17957023889312,,,0.5748779112939507,150.32242960157538,,,0.5564060662232991,127.92639178226648,,,0.6308706916643633,94.49782301748519,,,0.5933497563646023,60.42936745786659,,,0.6620419302210877,29.968549517417387
,,0.5194623760819961,303.8290651768779,,,0.7411245169298147,268.0836649135474,,,0.49002287300064507,217.57673824517497,,,0.6314479368228211,212.7996523457854,,,0.5887317950969394,177.89272443431085,,,0.5812276080369871,149.9031934256475,,,0.5627557629663357,127.0201481688884,,,0.6372203884073997,94.40956276992148,,,0.5997475568708437,60.59792001397801,,,0.6688864085285167,30.046324482594457
,,0.5258120728250325,304.8771556166978,,,0.7474742136728512,268.4918685585299,,,0.4963725697436816,218.27178769473971,,,0.6377976335658576,213.15269333604053,,,0.5955762734043684,177.7720795806044,,,0.5881160669279178,149.68189486444436,,,0.5691054597093721,127.02172424473775,,,0.6620419302210877,94.01396773173383,,,0.6060491498506753,60.42936745786659,,,0.6810910204501972,30.03474470309021
,,0.5321617695680689,305.96097044243635,,,0.7538239104158877,268.83387701783954,,,0.502722266486718,218.9999347371409,,,0.6444529306869011,213.55853183713404,,,0.6015686279064546,177.46648347683018,,,0.6181712981782903,147.6194595199347,,,0.5754551564524085,126.74591097110095,,,0.6683916269641242,93.9241314083207,,,0.6123988465937117,60.42936745786659,,,0.6874407171932336,29.935451924580946
,,0.5512108597971784,308.83783422612237,,,0.7601736071589241,269.19795053904016,,,0.515421659972791,220.01492758412434,,,0.6504970270519306,213.9249705022236,,,0.6141305820690852,176.59088578274512,,,0.6245209949213267,147.2333209368432,,,0.5818048531954451,126.44803263557321,,,0.6747413237071607,93.83587116075694,,,0.6187485433367481,60.252846962739,,,0.6937904139362702,29.84719167701718
,,0.5575605565402149,309.8748921349968,,,0.7666676151915751,269.26319132322647,,,0.5217713567158275,220.67540843672666,,,0.6631964205380034,214.34420667815155,,,0.6204802788121218,176.25990985438094,,,0.6308706916643633,146.88027994658808,,,0.5881545499384815,126.19428442382736,,,0.6810910204501972,93.71451332035673,,,0.6250982400797847,60.186651777066174,,,0.7001401106793066,29.84719167701718
,,0.5639102532832514,310.8236897963074,,,0.7919220908741065,270.59603488913973,,,0.528121053458864,221.55948191649048,,,0.66954611728104,214.62001995178835,,,0.6268299755551582,175.86273874034396,,,0.6374609072234239,146.72490513577264,,,0.594504246681518,125.86330849546317,,,0.6874407171932336,93.67038319657485,,,0.6314479368228211,60.186651777066174,,,0.7189583028450328,29.944277949337334
,,0.5702599500262878,311.7614549266725,,,0.798271787617143,271.2058711711161,,,0.5344707502019004,222.16627111849147,,,0.6758958140240764,214.86273563258874,,,0.6331796722981947,175.49866521914336,,,0.6435700851504362,146.0749051875685,,,0.6011137037458604,126.01898451188538,,,0.6940620587167209,93.52892523852069,,,0.6377976335658576,60.186651777066174,,,0.7255388976514525,29.814094084180738
,,0.5766096467693242,312.6550899332558,,,0.8046214843601794,271.4927169756984,,,0.5408204469449369,222.77306032049245,,,0.6822455107671129,215.1275163752801,,,0.6395293690412311,175.16768929077918,,,0.6683916269641242,144.79513159789371,,,0.6066943062042457,125.83481294109527,,,0.7059125622638852,93.05457221119013,,,0.644147330308894,60.15355418422973,,,0.731888594394489,29.72583383661697
,,0.5956587369984337,315.4021901386784,,,0.810971181103216,271.81266037311707,,,0.5471701436879733,223.35778446060246,,,0.6885952075101494,215.34816699418954,,,0.6462786970478154,175.15111220582008,,,0.6747413237071607,144.47518820047503,,,0.6135533369106274,124.9531246924617,,,0.7117427383643096,93.05035495743931,,,0.6504970270519306,59.9880662200477,,,0.7382382911375254,29.72583383661697
,,0.6020084337414702,316.2516950214798,,,0.8173208778462524,272.11053870864487,,,0.5535198404310099,223.9425086007125,,,0.6949005007794583,215.29130702700903,,,0.6522287625273041,174.58909433452772,,,0.6810910204501972,144.1442122721109,,,0.6199030336536638,124.92554336509801,,,0.7180347105915003,93.19598436591951,,,0.656846723794967,59.943936096265816,,,0.7445879878805619,29.72583383661697
,,0.6083581304845067,317.1342974971176,,,0.8236705745892888,272.41944957511805,,,0.5598695371740463,224.55812382746984,,,0.7012946009962223,215.47197650813317,,,0.6582138833807883,174.546494202506,,,0.6874407171932336,143.82426887469217,,,0.6262527303967004,124.69386021524309,,,0.7243844073345368,93.11875664930119,,,0.6631964205380034,59.943936096265816,,,0.7509376846235983,29.77731898102911
,,0.6147078272275431,317.8734770704642,,,0.8617687550475077,274.0081340312661,,,0.5724919646389914,225.37085360711967,,,0.7139939944822953,216.21973693888185,,,0.6649281560133771,173.5569397727402,,,0.6937904139362702,143.69589530776813,,,0.6326024271397368,124.47320959633362,,,0.7307341040775732,93.03049640173742,,,0.66954611728104,59.943936096265816,,,0.7636370781096713,29.72583383661697
,,0.6337569174566525,320.4440567807593,,,0.8681184517905441,274.239817181121,,,0.5789186274031557,226.11591719697057,,,0.7203436912253317,216.40728996495488,,,0.6712778527564135,173.15976865870323,,,0.7095564223266504,143.1160624752767,,,0.6389521238827733,124.24152644647876,,,0.7370838008206098,92.9532686851191,,,0.6758958140240764,59.921871034374874,,,0.7699867748527078,29.648606119998703
,,0.6401066141996891,321.2273664778878,,,0.8744681485335807,274.4825328619214,,,0.5852683241461922,226.66754374424417,,,0.7266933879683682,216.5617453981915,,,0.67762754949945,172.72949995182978,,,0.7157257299576688,142.4672675683991,,,0.6453018206258098,123.79139918390354,,,0.7439428315269914,92.96060567873809,,,0.6822455107671129,59.767415601138225,,,0.7763364715957443,29.604475996216763
,,0.6464563109427255,322.0217087059618,,,0.8808178452766172,274.7362810736673,,,0.5916180208892287,227.15297510584497,,,0.7330430847114047,216.73826589331907,,,0.6839772462424865,172.33232883779277,,,0.7220754267007053,142.19145429476225,,,0.6638097435188649,123.52853381116796,,,0.7497831943066826,92.75468312810062,,,0.6885952075101494,59.7012204154654,,,0.7826861683387807,29.604475996216763
,,0.652806007685762,322.78295334119946,,,0.8871675420196535,274.94589916163125,,,0.5979677176322652,227.6604715293367,,,0.7393927814544411,216.93685145033757,,,0.6907265742490707,172.25594977740107,,,0.7284251234437418,141.89357595923457,,,0.6707006075979557,123.1382733519315,,,0.7565325223132668,92.6700114840092,,,0.6949449042531859,59.7012204154654,,,0.801494739751866,29.776399603450386
,,0.6716145790988473,324.7585425284213,,,0.8935172387626901,275.18861484243166,,,0.6043174143753016,228.15693542188293,,,0.7584418716835506,217.33402256437458,,,0.6982307613090228,171.1637292137993,,,0.7347748201867783,141.6177626855977,,,0.6770503043409921,122.93968779491297,,,0.7624825877927556,92.82087831377345,,,0.7012946009962223,59.7012204154654,,,0.8080849553109266,29.604475996216763
,,0.6782047946579078,325.761736696477,,,0.8998669355057266,275.38720039945014,,,0.6106671111183382,228.6203017215928,,,0.764791568426587,217.46641293572023,,,0.7041808267885116,171.6525147881051,,,0.7416192984942072,141.7213984286696,,,0.6834000010840287,122.75213476883994,,,0.7688322845357921,92.51196744730021,,,0.7076442977392587,59.7012204154654,,,0.8144346520539631,29.549313341489437
,,0.6845544914009444,326.44575361509624,,,0.9062166322487631,275.6078510183596,,,0.6170168078613746,229.0947005522481,,,0.7711412651696236,217.55467318328402,,,0.7099893561954939,171.2680113837073,,,0.747233694856827,140.93594351719065,,,0.6899421128798844,122.24240557122835,,,0.7751819812788285,92.46783732351832,,,0.7139939944822953,59.54676498222875,,,0.8207843487969996,29.483118155816612
,,0.6909041881439808,327.162868126552,,,0.9129511590974381,276.09681278986295,,,0.623366504604411,229.536001790067,,,0.77749096191266,217.70912861652062,,,0.7168802202745845,170.25821302004397,,,0.7577106944828372,140.4859884554951,,,0.7052528535113619,122.49176703852686,,,0.7820264595862575,92.44934470021923,,,0.7205745892887149,59.50381166174782,,,0.827134045540036,29.483118155816612
,,0.7099532783730902,329.08252851106414,,,0.9316154192209088,276.32344855681026,,,0.6300270256635402,230.09074007683805,,,0.7838406586556964,217.74222620935703,,,0.7232299170176211,169.82794431317055,,,0.764791568426587,140.33798909592292,,,0.7105690065421119,122.33755910757174,,,0.7944715903239621,91.95736386786666,,,0.7266933879683682,59.458504734664984,,,0.8337242610990967,29.590991791727845
,,0.7163029751161267,329.8437731463017,,,0.9379651159639454,276.5219750109844,,,0.6420307647278819,230.8885900839819,,,0.790190355398733,217.90771417353915,,,0.7295796137606575,169.43077319913357,,,0.7711412651696236,140.08424088417706,,,0.7197664460668739,121.6157840814563,,,0.8028897488848059,92.44209475131231,,,0.7330430847114047,59.458504734664984,,,0.8461831357691455,29.483118155816612
,,0.7226526718591632,330.49469247208464,,,0.9443148127069819,276.7772992985797,,,0.6487652915765569,231.40049951985182,,,0.7965400521417694,217.59162340597442,,,0.735929310503694,169.044634616042,,,0.778029724060554,140.22394541492736,,,0.7261161428099103,121.47236117916515,,,0.8092394456278423,91.98240596191755,,,0.7393927814544411,59.458504734664984,,,0.8525328325121819,29.483118155816612
,,0.7290023686021997,331.11251420503106,,,0.947778283657729,276.8103968914161,,,0.6551149883195934,231.66528026254318,,,0.8028897488848059,217.951844297321,,,0.7427737888111229,168.66322426049854,,,0.8011580134094323,138.95892272773887,,,0.7324658395529469,121.31790574592856,,,0.8155891423708789,91.96034090002661,,,0.7457424781974776,59.39230954899216,,,0.8588825292552185,29.483118155816612
,,0.7353520653452361,331.5979455666319,,,0.04494382022471913,72.44094488188972,,,0.6614646850626299,232.06245137658016,,,0.8092394456278423,218.1173322615031,,,0.7491674661376609,168.34384124560404,,,0.8075077101524688,138.68310945410207,,,0.7388155362959833,121.10828765796458,,,0.8473376260860612,91.54110472409866,,,0.7520921749405141,59.23785411575557,,,0.8652322259982549,29.483118155816612
,,0.7544011555743455,333.539671013035,,,0.018726591760299643,37.79527559055117,,,0.6678143818056663,232.43755742872622,,,0.8155891423708789,218.19455997812142,,,0.7619053426342978,167.35665738138474,,,0.8138574068955052,138.45142630424715,,,0.7451652330390197,120.79079593408937,,,0.8536873228290977,91.49697460031678,,,0.7584418716835506,59.215789053864626,,,0.8715819227412913,29.17420728934337
,,0.760750852317382,334.12439515314503,,,0.026217228464419484,47.24409448818898,,,0.6741640785487029,232.83472854276326,,,0.8219388391139153,218.19455997812142,,,0.7682550393773342,167.04774651491152,,,0.8202071036385418,138.21974315439223,,,0.7518795056716086,121.04029887954152,,,0.8604366508356819,91.57298995089712,,,0.764791568426587,59.215789053864626,,,0.8842813162273643,29.361760315416404
,,0.7671005490604185,334.6980867623096,,,0.0561797752808989,86.61417322834643,,,0.6805137752917393,233.17673700207288,,,0.8282885358569517,218.19455997812142,,,0.7746047361203707,166.63954286992904,,,0.8265568003815782,137.98806000453732,,,0.768062624324515,120.01606709436282,,,0.8888992774950272,91.08877095533427,,,0.7711412651696236,59.215789053864626,,,0.8910306442339485,29.390655039321302
,,0.773450245803455,335.27177837147417,,,0.06741573033707868,99.2125984251968,,,0.6868634720347758,233.56287558516442,,,0.8346382325999883,218.19455997812142,,,0.7809544328634072,166.27546934872845,,,0.8329064971246146,137.7674093856279,,,0.773450245803455,120.17052252759947,,,0.8952489742380637,91.011543238716,,,0.77749096191266,59.215789053864626,,,0.9033304064564737,29.339695253525463
,,0.7924993360325644,336.8825278895131,,,0.07116104868913861,102.36220472440942,,,0.6932131687778122,233.90488404447407,,,0.8409879293430247,218.19455997812142,,,0.7878134635697889,166.60034493645213,,,0.8392561938676512,137.8525174814929,,,0.7797999425464914,120.07122974909021,,,0.9015986709811002,90.93431552209768,,,0.7838406586556964,59.12752880630086,,,0.9095564078084121,29.344423481073477
,,0.7988490327756008,337.39002431300486,,,0.07490636704119852,105.51181102362204,,,0.6995628655208487,234.1586322562199,,,0.8473376260860612,218.19455997812142,,,0.7936538263494801,165.50319218254538,,,0.8450647232746333,137.35422577876028,,,0.7861496392895279,119.89470925396262,,,0.9079483677241366,90.93431552209768,,,0.790190355398733,58.97307337306421,,,0.9350788901716561,29.240402475016197
,,0.8051987295186374,337.9195857983875,,,0.08988764044943823,119.6850393700787,,,0.7099532783730902,234.5668359012024,,,0.8536873228290977,218.19455997812142,,,0.8000035230925165,165.15015119229028,,,0.8524649213170693,137.44876393302627,,,0.7988490327756008,119.72922128978053,,,0.9308217071280295,90.40475403671502,,,0.7965400521417694,58.97307337306421,,,0.9414285869146927,29.240402475016197
,,0.8115484262616738,338.43811475282473,,,0.0861423220973783,116.53543307086613,,,0.7163029751161267,235.10742991753054,,,0.8600370195721342,218.19455997812142,,,0.8063532198355531,164.79711020203516,,,0.8710046775828335,136.47660326500755,,,0.8051987295186374,119.50857067087111,,,0.9437375675485241,90.50404681522429,,,0.8028897488848059,58.97307337306421,,,0.9460465481823556,29.240402475016197
,,0.8178981230047103,339.0244149687841,,,0.13857677902621726,155.90551181102362,,,0.7226526718591632,235.4494383768402,,,0.8663867163151706,218.19455997812142,,,0.8127029165785895,164.43303668083456,,,0.8773543743258699,136.30008276988002,,,0.8115484262616738,118.95663766440452,,,0.9472010384992712,90.52611187711517,,,0.8092394456278423,58.97307337306421,,,0.033707865168539325,34.64566929133855
,,0.8305975164907832,339.8833763066816,,,0.149812734082397,162.2047244094488,,,0.7290023686021997,235.76938177425887,,,0.872736413058207,218.19455997812142,,,0.819052613321626,164.07999569057944,,,0.8837040710689065,136.10149721286155,,,0.8178981230047103,119.15552968061598,,,0.01498127340823971,25.196850393700743,,,0.8155891423708789,58.97307337306421,,,0.026217228464419484,29.921259842519646
,,0.8369472132338197,340.37984019922783,,,0.2059925093632959,185.8267716535433,,,0.7353520653452361,236.05622757884117,,,0.8790861098012436,218.19455997812142,,,0.8254023100646625,163.72695470032434,,,0.890053767811943,136.01875323077053,,,0.8242478197477467,118.95694412359751,,,0.018726591760299643,29.921259842519646,,,0.8219388391139153,58.84068300171856,,,0.02247191011235955,26.77165354330708
,,0.8432969099768561,340.8321739679922,,,0.2097378277153558,187.40157480314963,,,0.7417017620882725,236.35410591436894,,,0.8854358065442801,218.19455997812142,,,0.8317520068076989,163.39597877196016,,,0.9096416201889465,135.33951707556105,,,0.8305975164907832,118.87971640697913,,,0.05992509363295884,69.29133858267716,,,0.8282885358569517,58.73035769226385,,,0.011235955056179775,17.322834645669275
,,0.8496466067198927,341.2845077367566,,,0.25093632958801504,200,,,0.7480514588313091,236.64095171895121,,,0.8917855032873164,218.19455997812142,,,0.8381017035507354,163.0208727198141,,,0.9152305374154511,135.31078534753453,,,0.8369472132338197,118.68113084996065,,,0.06741573033707868,74.015748031496,,,0.8346382325999883,58.73035769226385,,,0.01498127340823971,20.47244094488184
,,0.85630416754744,341.5330052809969,,,0.2584269662921349,201.57480314960628,,,0.7544011555743455,237.30658108599474,,,0.898135200030353,218.12836479244856,,,0.8508010970368084,162.36995339403123,,,0.9241112321609567,135.18579714438732,,,0.8432969099768561,118.48806155841493,,,0.06367041198501874,72.44094488188972,,,0.8409879293430247,58.73035769226385,,,0.018726591760299643,23.62204724409446
,,0.8686956969490021,342.6856391668316,,,0.2696629213483147,204.7244094488189,,,0.773450245803455,237.76626987538938,,,0.9044848967733895,217.9959744211029,,,0.8571507937798448,162.0279449347216,,,0.9304609289039932,134.98500508117968,,,0.8744681485335807,117.93091874566858,,,0.16479400749063675,111.81102362204723,,,0.8473376260860612,58.73035769226385,,,0.04868913857677906,39.37007874015745
,,0.8750453936920385,343.01661509519573,,,0.31086142322097376,214.1732283464567,,,0.7797999425464914,237.97588796335336,,,0.9108345935164258,217.951844297321,,,0.8635004905228814,161.7190340682484,,,0.9368106256470298,134.67987679674496,,,0.8812174765401649,117.31352134083534,,,0.3146067415730338,103.93700787401576,,,0.8536873228290977,58.73035769226385,,,0.4007490636704121,31.49606299212593
,,0.881395090435075,343.4358512711237,,,0.4269662921348315,236.2204724409449,,,0.7861496392895279,238.22963617509922,,,0.9171842902594624,217.951844297321,,,0.8698501872659178,161.3549605470478,,,0.9431603223900661,134.33629226158598,,,0.9068660330520281,117.20966703510828,,,0.6516853932584271,94.48818897637796,,,0.8600370195721342,58.68622756848191,,,0.6329588014981274,29.921259842519646
,,0.8877447871781116,343.8440549161062,,,0.4719101123595506,242.5196850393701,,,0.7924993360325644,238.46131932495413,,,0.9235339870024989,217.80842139502985,,,0.8761998840089543,161.04604968057455,,,0.9472010384992712,134.33629226158598,,,0.9125663289917995,116.90734504128301,,,0.6441947565543072,94.48818897637796,,,0.8663867163151706,58.50970707335438,,,0.6516853932584271,29.921259842519646
,,0.8940944839211479,344.2412260301432,,,0.5355805243445694,250.3937007874016,,,0.7988490327756008,238.70403500575452,,,0.9298836837455354,217.70912861652062,,,0.8825495807519906,160.7481713450468,,,0.101123595505618,103.93700787401576,,,0.919733789709318,117.34214934421186,,,0.8764044943820227,91.33858267716533,,,0.872736413058207,58.487642011463436,,,0.6479400749063672,29.921259842519646
,,0.9004441806641844,344.6383971441802,,,0.5468164794007491,251.96850393700788,,,0.8051987295186374,238.92468562466397,,,0.9362333804885717,217.69809608557517,,,0.8888992774950272,160.41719541668263,,,0.1760299625468165,132.28346456692913,,,0.9255087730709074,117.12349232299965,,,0.8651685393258428,91.33858267716533,,,0.8790861098012436,58.487642011463436,,,0.6404494382022474,29.921259842519646
,,0.906793877407221,345.01350319632627,,,0.5917602996254683,256.6929133858268,,,0.8120432078260663,239.30047026502294,,,0.9425830772316083,217.5105430595021,,,0.8952489742380637,160.09725201926392,,,0.30711610486891394,155.90551181102362,,,0.9321926643793669,116.67163414203532,,,0.5505617977528091,96.06299212598424,,,0.8854358065442801,58.487642011463436,,,0.6292134831460675,29.921259842519646
,,0.9131435741502573,345.32462056898856,,,0.6666666666666669,262.99212598425197,,,0.817388789041365,239.6288927959939,,,0.9469124159200423,217.55743131602037,,,0.9015986709811002,159.79937368373618,,,0.49812734082397014,155.90551181102362,,,0.9385423611224032,116.64011262504823,,,0.2059925093632959,113.38582677165357,,,0.8917855032873164,58.487642011463436,,,0.6741573033707866,29.921259842519646
,,0.9194044639458389,345.4055823730038,,,0.711610486891386,266.1417322834646,,,0.8369472132338197,240.00587365732028,,,0.09363295880149816,108.66141732283461,,,0.9079483677241366,159.52356041009935,,,0.6104868913857678,148.03149606299212,,,0.9448920578654397,116.52978731559358,,,0.149812734082397,108.66141732283461,,,0.898135200030353,58.487642011463436,,,0.7078651685393259,29.921259842519646
,,0.9261467808776239,346.2423501807495,,,0.7340823970037454,267.7165354330709,,,0.8432969099768561,240.21549174528425,,,0.11610486891385771,122.83464566929138,,,0.9142980644671731,159.20361701268067,,,0.6629213483146069,144.88188976377955,,,0.03745318352059929,51.968503937007824,,,,,,,0.9044848967733895,58.33318657822679,,,0.7940074906367043,29.921259842519646
,,0.9344191814191328,346.62582879021454,,,0.8277153558052436,272.4409448818898,,,0.8496466067198927,240.4030447713573,,,0.12359550561797758,125.98425196850394,,,0.9206477612102096,158.90573867715293,,,0.7003745318352061,143.30708661417322,,,0.06741573033707868,78.74015748031496,,,,,,,0.9108345935164258,58.24492633066302,,,,
,,0.9402740965977768,346.95522864272937,,,0.8576779026217229,274.01574803149606,,,0.8559963034629291,240.57956526648485,,,0.16853932584269668,144.88188976377955,,,0.926997457953246,158.61889287257063,,,0.8576779026217229,137.00787401574803,,,0.08988764044943823,94.48818897637796,,,,,,,0.9171842902594624,58.24492633066302,,,,
,,0.9457579256031264,347.1979443235298,,,,,,,0.8628871675420198,240.95673991818316,,,0.21722846441947571,159.05511811023624,,,0.9333471546962825,158.33204706798836,,,0.902621722846442,135.43307086614175,,,0.22846441947565546,137.00787401574803,,,,,,,0.9235339870024989,58.24492633066302,,,,
,,0.06367041198501874,108.66141732283461,,,,,,,0.8686956969490021,241.14161142631806,,,0.2097378277153558,157.4803149606299,,,0.939696851439319,158.067266325297,,,,,,,0.7940074906367043,119.6850393700787,,,,,,,0.9298836837455354,58.24492633066302,,,,
,,0.10486891385767794,155.90551181102362,,,,,,,0.881395090435075,241.72130963566403,,,0.2584269662921349,168.50393700787401,,,0.9454693030238975,157.82577648126835,,,,,,,0.8539325842696631,118.11023622047242,,,,,,,0.9362333804885717,58.24492633066302,,,,
,,0.09737827715355807,148.03149606299212,,,,,,,0.8877447871781116,241.4732002730681,,,0.25093632958801504,166.9291338582677,,,0.06367041198501874,80.31496062992125,,,,,,,0.8651685393258428,118.11023622047242,,,,,,,0.9425830772316083,58.222861268772135,,,,
,,0.101123595505618,151.18110236220474,,,,,,,0.8940944839211479,241.6607532991411,,,0.26591760299625467,170.07874015748033,,,0.07490636704119852,89.76377952755905,,,,,,,,,,,,,,,0.9469124159200423,58.15390795036291,,,,
,,0.12359550561797758,171.6535433070866,,,,,,,0.9004441806641844,241.7821111395413,,,0.30711610486891394,177.95275590551182,,,0.11610486891385771,114.96062992125985,,,,,,,,,,,,,,,0.4794007490636705,61.41732283464563,,,,
,,0.12734082397003746,174.8031496062992,,,,,,,0.906793877407221,241.95863163466888,,,0.31835205992509363,179.5275590551181,,,0.19101123595505623,141.73228346456693,,,,,,,,,,,,,,,0.20224719101123603,66.14173228346453,,,,
,,0.16479400749063675,201.57480314960628,,,,,,,0.9131435741502573,242.10205453696003,,,0.554307116104869,207.8740157480315,,,0.254681647940075,155.90551181102362,,,,,,,,,,,,,,,0.08239700374531839,72.44094488188972,,,,
,,0.24719101123595513,239.37007874015748,,,,,,,0.9194932708932938,242.35580274870588,,,0.7490636704119851,217.3228346456693,,,0.303370786516854,163.7795275590551,,,,,,,,,,,,,,,0.0074906367041198685,15.748031496062936,,,,
,,0.23970037453183526,236.2204724409449,,,,,,,0.9321926643793669,242.52129071288797,,,,,,,0.40823970037453194,176.3779527559055,,,,,,,,,,,,,,,,,,,,
,,0.2808988764044944,250.3937007874016,,,,,,,0.9385423611224032,242.68677867707004,,,,,,,,,,,,,,,,,,,,,,,,,,,,
,,0.3258426966292136,262.99212598425197,,,,,,,0.9448920578654397,242.7529738627429,,,,,,,,,,,,,,,,,,,,,,,,,,,,
,,0.31835205992509363,261.4173228346457,,,,,,,0.0861423220973783,107.08661417322833,,,,,,,,,,,,,,,,,,,,,,,,,,,,
,,0.355805243445693,270.8661417322835,,,,,,,0.11985018726591762,130.7086614173228,,,,,,,,,,,,,,,,,,,,,,,,,,,,
,,0.36329588014981284,272.4409448818898,,,,,,,0.12734082397003746,135.43307086614175,,,,,,,,,,,,,,,,,,,,,,,,,,,,
,,0.39700374531835214,280.3149606299213,,,,,,,0.16853932584269668,154.33070866141733,,,,,,,,,,,,,,,,,,,,,,,,,,,,
,,0.404494382022472,281.8897637795276,,,,,,,0.17228464419475656,155.90551181102362,,,,,,,,,,,,,,,,,,,,,,,,,,,,
,,0.44194756554307124,289.7637795275591,,,,,,,0.27715355805243447,184.251968503937,,,,,,,,,,,,,,,,,,,,,,,,,,,,
,,0.4943820224719102,299.2125984251969,,,,,,,0.4494382022471911,212.5984251968504,,,,,,,,,,,,,,,,,,,,,,,,,,,,
,,0.5393258426966293,307.0866141732284,,,,,,,0.5655430711610487,225.1968503937008,,,,,,,,,,,,,,,,,,,,,,,,,,,,
,,0.5842696629213484,313.38582677165357,,,,,,,0.8239700374531838,239.37007874015748,,,,,,,,,,,,,,,,,,,,,,,,,,,,
,,0.6254681647940076,319.68503937007875,,,,,,,0.8726591760299628,240.9448818897638,,,,,,,,,,,,,,,,,,,,,,,,,,,,
,,0.6629213483146069,324.40944881889766,,,,,,,0.9250936329588016,242.5196850393701,,,,,,,,,,,,,,,,,,,,,,,,,,,,
,,0.7415730337078653,332.2834645669292,,,,,,,,,,,,,,,,,,,,,,,,,,,,,,,,,,,,
